t;U;U
[s];[V];[V]

0,000;-0,01;0,01
0,010;0,00;0,02
0,020;0,01;0,02
0,030;0,01;0,02
0,040;0,01;0,03
0,050;0,01;0,03
0,060;0,02;0,03
0,070;0,02;0,04
0,080;0,02;0,04
0,090;0,02;0,04
0,100;0,02;0,04
0,110;0,02;0,04
0,120;0,02;0,04
0,130;0,02;0,05
0,140;0,02;0,05
0,150;0,03;0,05
0,160;0,03;0,05
0,170;0,03;0,05
0,180;0,03;0,05
0,190;0,03;0,06
0,200;0,03;0,06
0,210;0,04;0,06
0,220;0,04;0,06
0,230;0,04;0,06
0,240;0,04;0,06
0,250;0,05;0,06
0,260;0,05;0,07
0,270;0,05;0,07
0,280;0,05;0,07
0,290;0,05;0,07
0,300;0,06;0,08
0,310;0,06;0,08
0,320;0,07;0,08
0,330;0,07;0,09
0,340;0,07;0,09
0,350;0,08;0,09
0,360;0,08;0,10
0,370;0,08;0,10
0,380;0,09;0,10
0,390;0,09;0,11
0,400;0,10;0,11
0,410;0,10;0,11
0,420;0,11;0,12
0,430;0,11;0,12
0,440;0,11;0,12
0,450;0,12;0,13
0,460;0,12;0,13
0,470;0,12;0,13
0,480;0,12;0,13
0,490;0,12;0,14
0,500;0,13;0,14
0,510;0,13;0,14
0,520;0,13;0,14
0,530;0,13;0,15
0,540;0,13;0,15
0,550;0,13;0,15
0,560;0,13;0,15
0,570;0,13;0,15
0,580;0,13;0,15
0,590;0,13;0,15
0,600;0,13;0,15
0,610;0,14;0,15
0,620;0,13;0,15
0,630;0,13;0,15
0,640;0,13;0,15
0,650;0,13;0,15
0,660;0,13;0,15
0,670;0,13;0,15
0,680;0,13;0,14
0,690;0,13;0,14
0,700;0,13;0,14
0,710;0,13;0,14
0,720;0,12;0,14
0,730;0,12;0,13
0,740;0,12;0,13
0,750;0,12;0,13
0,760;0,12;0,13
0,770;0,12;0,13
0,780;0,12;0,12
0,790;0,11;0,12
0,800;0,11;0,12
0,810;0,11;0,11
0,820;0,10;0,11
0,830;0,10;0,10
0,840;0,10;0,10
0,850;0,10;0,10
0,860;0,10;0,09
0,870;0,09;0,09
0,880;0,09;0,09
0,890;0,08;0,08
0,900;0,08;0,08
0,910;0,08;0,07
0,920;0,07;0,07
0,930;0,07;0,06
0,940;0,07;0,06
0,950;0,06;0,06
0,960;0,06;0,05
0,970;0,05;0,05
0,980;0,05;0,05
0,990;0,04;0,04
1,000;0,04;0,04
1,010;0,03;0,03
1,020;0,03;0,03
1,030;0,02;0,02
1,040;0,02;0,02
1,050;0,01;0,01
1,060;0,01;0,01
1,070;0,01;0,00
1,080;-0,00;0,00
1,090;-0,00;-0,00
1,100;-0,01;-0,01
1,110;-0,01;-0,01
1,120;-0,01;-0,02
1,130;-0,02;-0,02
1,140;-0,02;-0,02
1,150;-0,03;-0,03
1,160;-0,03;-0,03
1,170;-0,04;-0,04
1,180;-0,04;-0,04
1,190;-0,05;-0,04
1,200;-0,05;-0,05
1,210;-0,06;-0,05
1,220;-0,06;-0,05
1,230;-0,06;-0,05
1,240;-0,07;-0,06
1,250;-0,07;-0,06
1,260;-0,07;-0,06
1,270;-0,08;-0,07
1,280;-0,08;-0,07
1,290;-0,08;-0,07
1,300;-0,09;-0,08
1,310;-0,09;-0,08
1,320;-0,09;-0,08
1,330;-0,10;-0,08
1,340;-0,10;-0,09
1,350;-0,10;-0,09
1,360;-0,10;-0,09
1,370;-0,11;-0,09
1,380;-0,11;-0,09
1,390;-0,12;-0,10
1,400;-0,12;-0,10
1,410;-0,12;-0,10
1,420;-0,12;-0,10
1,430;-0,12;-0,10
1,440;-0,13;-0,10
1,450;-0,13;-0,11
1,460;-0,13;-0,11
1,470;-0,13;-0,11
1,480;-0,13;-0,11
1,490;-0,13;-0,11
1,500;-0,13;-0,11
1,510;-0,14;-0,11
1,520;-0,14;-0,12
1,530;-0,14;-0,12
1,540;-0,14;-0,12
1,550;-0,14;-0,12
1,560;-0,14;-0,12
1,570;-0,14;-0,11
1,580;-0,14;-0,11
1,590;-0,14;-0,11
1,600;-0,14;-0,11
1,610;-0,14;-0,11
1,620;-0,14;-0,11
1,630;-0,14;-0,11
1,640;-0,14;-0,11
1,650;-0,14;-0,11
1,660;-0,14;-0,11
1,670;-0,14;-0,11
1,680;-0,13;-0,11
1,690;-0,13;-0,11
1,700;-0,13;-0,10
1,710;-0,13;-0,10
1,720;-0,13;-0,10
1,730;-0,13;-0,10
1,740;-0,13;-0,10
1,750;-0,12;-0,10
1,760;-0,12;-0,09
1,770;-0,12;-0,09
1,780;-0,12;-0,09
1,790;-0,11;-0,08
1,800;-0,11;-0,08
1,810;-0,11;-0,08
1,820;-0,11;-0,08
1,830;-0,10;-0,07
1,840;-0,10;-0,07
1,850;-0,10;-0,07
1,860;-0,09;-0,07
1,870;-0,09;-0,06
1,880;-0,09;-0,06
1,890;-0,08;-0,06
1,900;-0,08;-0,05
1,910;-0,08;-0,05
1,920;-0,07;-0,05
1,930;-0,07;-0,04
1,940;-0,07;-0,04
1,950;-0,06;-0,04
1,960;-0,06;-0,03
1,970;-0,05;-0,03
1,980;-0,05;-0,03
1,990;-0,04;-0,02
2,000;-0,04;-0,02
2,010;-0,04;-0,02
2,020;-0,03;-0,01
2,030;-0,03;-0,01
2,040;-0,02;-0,00
2,050;-0,02;0,00
2,060;-0,02;0,00
2,070;-0,01;0,01
2,080;-0,01;0,01
2,090;-0,00;0,02
2,100;0,00;0,02
2,110;0,01;0,02
2,120;0,01;0,03
2,130;0,02;0,03
2,140;0,02;0,04
2,150;0,02;0,04
2,160;0,03;0,04
2,170;0,03;0,05
2,180;0,04;0,05
2,190;0,04;0,05
2,200;0,04;0,06
2,210;0,05;0,06
2,220;0,05;0,07
2,230;0,06;0,07
2,240;0,06;0,07
2,250;0,07;0,08
2,260;0,07;0,08
2,270;0,07;0,08
2,280;0,08;0,09
2,290;0,08;0,09
2,300;0,09;0,09
2,310;0,09;0,10
2,320;0,09;0,10
2,330;0,09;0,10
2,340;0,10;0,11
2,350;0,10;0,11
2,360;0,10;0,11
2,370;0,11;0,11
2,380;0,11;0,12
2,390;0,11;0,12
2,400;0,11;0,12
2,410;0,11;0,12
2,420;0,12;0,13
2,430;0,12;0,13
2,440;0,12;0,13
2,450;0,12;0,13
2,460;0,13;0,14
2,470;0,13;0,14
2,480;0,13;0,14
2,490;0,13;0,14
2,500;0,13;0,14
2,510;0,13;0,14
2,520;0,13;0,14
2,530;0,13;0,14
2,540;0,13;0,14
2,550;0,13;0,15
2,560;0,13;0,14
2,570;0,13;0,15
2,580;0,13;0,15
2,590;0,13;0,15
2,600;0,13;0,15
2,610;0,13;0,15
2,620;0,14;0,14
2,630;0,13;0,14
2,640;0,13;0,14
2,650;0,13;0,14
2,660;0,13;0,14
2,670;0,13;0,14
2,680;0,13;0,13
2,690;0,13;0,13
2,700;0,12;0,13
2,710;0,12;0,13
2,720;0,12;0,13
2,730;0,12;0,12
2,740;0,12;0,12
2,750;0,11;0,12
2,760;0,11;0,11
2,770;0,11;0,11
2,780;0,10;0,11
2,790;0,10;0,10
2,800;0,10;0,10
2,810;0,09;0,10
2,820;0,09;0,10
2,830;0,09;0,09
2,840;0,08;0,09
2,850;0,08;0,09
2,860;0,07;0,08
2,870;0,07;0,08
2,880;0,06;0,07
2,890;0,06;0,07
2,900;0,05;0,07
2,910;0,05;0,06
2,920;0,04;0,06
2,930;0,04;0,06
2,940;0,04;0,05
2,950;0,03;0,05
2,960;0,02;0,05
2,970;0,02;0,04
2,980;0,01;0,04
2,990;0,01;0,03
3,000;0,00;0,03
3,010;-0,00;0,02
3,020;-0,01;0,02
3,030;-0,01;0,01
3,040;-0,02;0,01
3,050;-0,02;0,01
3,060;-0,03;0,00
3,070;-0,03;-0,00
3,080;-0,03;-0,01
3,090;-0,04;-0,01
3,100;-0,04;-0,01
3,110;-0,05;-0,02
3,120;-0,05;-0,02
3,130;-0,06;-0,03
3,140;-0,06;-0,03
3,150;-0,06;-0,04
3,160;-0,07;-0,04
3,170;-0,07;-0,04
3,180;-0,08;-0,05
3,190;-0,08;-0,05
3,200;-0,08;-0,05
3,210;-0,09;-0,06
3,220;-0,09;-0,06
3,230;-0,09;-0,06
3,240;-0,10;-0,07
3,250;-0,10;-0,07
3,260;-0,10;-0,07
3,270;-0,11;-0,08
3,280;-0,11;-0,08
3,290;-0,11;-0,08
3,300;-0,11;-0,08
3,310;-0,12;-0,09
3,320;-0,12;-0,09
3,330;-0,12;-0,09
3,340;-0,12;-0,09
3,350;-0,13;-0,09
3,360;-0,13;-0,09
3,370;-0,13;-0,10
3,380;-0,13;-0,10
3,390;-0,13;-0,10
3,400;-0,14;-0,10
3,410;-0,14;-0,10
3,420;-0,14;-0,10
3,430;-0,14;-0,10
3,440;-0,14;-0,10
3,450;-0,14;-0,10
3,460;-0,14;-0,11
3,470;-0,14;-0,11
3,480;-0,14;-0,11
3,490;-0,14;-0,11
3,500;-0,15;-0,11
3,510;-0,15;-0,11
3,520;-0,15;-0,11
3,530;-0,15;-0,11
3,540;-0,14;-0,11
3,550;-0,14;-0,11
3,560;-0,14;-0,11
3,570;-0,14;-0,11
3,580;-0,14;-0,11
3,590;-0,14;-0,11
3,600;-0,14;-0,10
3,610;-0,14;-0,10
3,620;-0,14;-0,10
3,630;-0,14;-0,10
3,640;-0,14;-0,10
3,650;-0,13;-0,10
3,660;-0,13;-0,10
3,670;-0,13;-0,10
3,680;-0,13;-0,10
3,690;-0,13;-0,10
3,700;-0,13;-0,10
3,710;-0,13;-0,09
3,720;-0,12;-0,09
3,730;-0,12;-0,09
3,740;-0,12;-0,09
3,750;-0,12;-0,09
3,760;-0,12;-0,08
3,770;-0,11;-0,08
3,780;-0,11;-0,08
3,790;-0,11;-0,08
3,800;-0,10;-0,07
3,810;-0,10;-0,07
3,820;-0,10;-0,07
3,830;-0,09;-0,07
3,840;-0,09;-0,06
3,850;-0,09;-0,06
3,860;-0,08;-0,05
3,870;-0,08;-0,05
3,880;-0,08;-0,05
3,890;-0,07;-0,05
3,900;-0,07;-0,04
3,910;-0,06;-0,04
3,920;-0,06;-0,03
3,930;-0,05;-0,03
3,940;-0,05;-0,03
3,950;-0,04;-0,02
3,960;-0,04;-0,02
3,970;-0,03;-0,02
3,980;-0,03;-0,01
3,990;-0,02;-0,01
4,000;-0,02;-0,00
4,010;-0,01;0,00
4,020;-0,01;0,01
4,030;-0,00;0,01
4,040;0,00;0,01
4,050;0,01;0,02
4,060;0,01;0,02
4,070;0,02;0,02
4,080;0,02;0,03
4,090;0,03;0,03
4,100;0,03;0,04
4,110;0,03;0,04
4,120;0,04;0,04
4,130;0,04;0,05
4,140;0,05;0,05
4,150;0,05;0,06
4,160;0,06;0,06
4,170;0,06;0,06
4,180;0,07;0,07
4,190;0,07;0,07
4,200;0,07;0,08
4,210;0,08;0,08
4,220;0,08;0,08
4,230;0,09;0,08
4,240;0,09;0,09
4,250;0,09;0,09
4,260;0,10;0,09
4,270;0,10;0,10
4,280;0,10;0,10
4,290;0,11;0,10
4,300;0,11;0,10
4,310;0,11;0,11
4,320;0,11;0,11
4,330;0,12;0,11
4,340;0,12;0,12
4,350;0,12;0,12
4,360;0,12;0,12
4,370;0,13;0,12
4,380;0,13;0,13
4,390;0,13;0,13
4,400;0,14;0,13
4,410;0,14;0,13
4,420;0,14;0,13
4,430;0,14;0,13
4,440;0,14;0,13
4,450;0,14;0,13
4,460;0,14;0,13
4,470;0,14;0,13
4,480;0,14;0,13
4,490;0,15;0,13
4,500;0,15;0,13
4,510;0,15;0,13
4,520;0,15;0,13
4,530;0,15;0,13
4,540;0,15;0,13
4,550;0,14;0,13
4,560;0,14;0,13
4,570;0,14;0,13
4,580;0,14;0,13
4,590;0,14;0,13
4,600;0,14;0,13
4,610;0,14;0,13
4,620;0,14;0,12
4,630;0,14;0,12
4,640;0,13;0,12
4,650;0,13;0,12
4,660;0,13;0,11
4,670;0,13;0,11
4,680;0,12;0,11
4,690;0,12;0,10
4,700;0,12;0,10
4,710;0,12;0,10
4,720;0,11;0,10
4,730;0,11;0,10
4,740;0,11;0,09
4,750;0,10;0,09
4,760;0,10;0,09
4,770;0,10;0,08
4,780;0,09;0,08
4,790;0,09;0,08
4,800;0,09;0,07
4,810;0,08;0,07
4,820;0,08;0,07
4,830;0,07;0,06
4,840;0,07;0,06
4,850;0,06;0,06
4,860;0,06;0,05
4,870;0,06;0,05
4,880;0,05;0,05
4,890;0,05;0,04
4,900;0,04;0,04
4,910;0,04;0,04
4,920;0,03;0,03
4,930;0,03;0,03
4,940;0,02;0,03
4,950;0,02;0,02
4,960;0,01;0,02
4,970;0,01;0,02
4,980;-0,00;0,01
4,990;-0,01;0,01
5,000;-0,01;0,01
5,010;-0,02;0,00
5,020;-0,02;-0,00
5,030;-0,03;-0,01
5,040;-0,03;-0,01
5,050;-0,04;-0,01
5,060;-0,04;-0,02
5,070;-0,05;-0,02
5,080;-0,05;-0,03
5,090;-0,06;-0,03
5,100;-0,07;-0,03
5,110;-0,07;-0,04
5,120;-0,07;-0,04
5,130;-0,08;-0,04
5,140;-0,08;-0,05
5,150;-0,09;-0,05
5,160;-0,09;-0,06
5,170;-0,09;-0,06
5,180;-0,10;-0,06
5,190;-0,10;-0,07
5,200;-0,11;-0,07
5,210;-0,11;-0,07
5,220;-0,11;-0,08
5,230;-0,12;-0,08
5,240;-0,12;-0,08
5,250;-0,12;-0,08
5,260;-0,12;-0,08
5,270;-0,13;-0,09
5,280;-0,13;-0,09
5,290;-0,13;-0,09
5,300;-0,13;-0,09
5,310;-0,14;-0,09
5,320;-0,14;-0,10
5,330;-0,14;-0,10
5,340;-0,14;-0,10
5,350;-0,14;-0,10
5,360;-0,14;-0,10
5,370;-0,14;-0,10
5,380;-0,15;-0,10
5,390;-0,15;-0,10
5,400;-0,15;-0,10
5,410;-0,15;-0,11
5,420;-0,15;-0,11
5,430;-0,15;-0,10
5,440;-0,15;-0,10
5,450;-0,15;-0,10
5,460;-0,15;-0,10
5,470;-0,15;-0,10
5,480;-0,15;-0,10
5,490;-0,15;-0,10
5,500;-0,15;-0,10
5,510;-0,15;-0,10
5,520;-0,15;-0,10
5,530;-0,15;-0,10
5,540;-0,15;-0,10
5,550;-0,14;-0,10
5,560;-0,14;-0,10
5,570;-0,14;-0,10
5,580;-0,14;-0,10
5,590;-0,14;-0,10
5,600;-0,14;-0,09
5,610;-0,14;-0,09
5,620;-0,13;-0,09
5,630;-0,13;-0,09
5,640;-0,13;-0,09
5,650;-0,13;-0,09
5,660;-0,12;-0,09
5,670;-0,12;-0,08
5,680;-0,12;-0,08
5,690;-0,11;-0,08
5,700;-0,11;-0,08
5,710;-0,11;-0,07
5,720;-0,11;-0,07
5,730;-0,10;-0,07
5,740;-0,10;-0,06
5,750;-0,10;-0,06
5,760;-0,10;-0,06
5,770;-0,09;-0,06
5,780;-0,09;-0,05
5,790;-0,09;-0,05
5,800;-0,08;-0,05
5,810;-0,08;-0,05
5,820;-0,08;-0,04
5,830;-0,07;-0,04
5,840;-0,07;-0,04
5,850;-0,07;-0,03
5,860;-0,06;-0,03
5,870;-0,06;-0,03
5,880;-0,06;-0,02
5,890;-0,05;-0,02
5,900;-0,05;-0,01
5,910;-0,04;-0,01
5,920;-0,04;-0,01
5,930;-0,04;-0,00
5,940;-0,03;0,00
5,950;-0,03;0,01
5,960;-0,02;0,01
5,970;-0,02;0,02
5,980;-0,02;0,02
5,990;-0,01;0,02
6,000;-0,01;0,03
6,010;-0,01;0,03
6,020;-0,00;0,03
6,030;0,00;0,04
6,040;0,01;0,04
6,050;0,01;0,04
6,060;0,02;0,05
6,070;0,02;0,05
6,080;0,03;0,05
6,090;0,03;0,06
6,100;0,03;0,06
6,110;0,04;0,07
6,120;0,04;0,07
6,130;0,05;0,07
6,140;0,05;0,08
6,150;0,05;0,08
6,160;0,06;0,08
6,170;0,06;0,09
6,180;0,07;0,09
6,190;0,07;0,09
6,200;0,08;0,10
6,210;0,08;0,10
6,220;0,08;0,10
6,230;0,09;0,11
6,240;0,09;0,11
6,250;0,09;0,11
6,260;0,10;0,11
6,270;0,10;0,12
6,280;0,10;0,12
6,290;0,10;0,12
6,300;0,11;0,12
6,310;0,11;0,13
6,320;0,11;0,13
6,330;0,12;0,13
6,340;0,12;0,13
6,350;0,12;0,14
6,360;0,12;0,14
6,370;0,12;0,14
6,380;0,12;0,14
6,390;0,12;0,14
6,400;0,13;0,15
6,410;0,13;0,15
6,420;0,13;0,15
6,430;0,13;0,15
6,440;0,13;0,15
6,450;0,13;0,15
6,460;0,13;0,15
6,470;0,13;0,15
6,480;0,13;0,15
6,490;0,13;0,15
6,500;0,13;0,15
6,510;0,13;0,15
6,520;0,12;0,16
6,530;0,12;0,15
6,540;0,12;0,15
6,550;0,12;0,15
6,560;0,12;0,15
6,570;0,12;0,15
6,580;0,12;0,15
6,590;0,11;0,15
6,600;0,11;0,15
6,610;0,11;0,15
6,620;0,11;0,15
6,630;0,10;0,14
6,640;0,10;0,14
6,650;0,10;0,14
6,660;0,10;0,14
6,670;0,09;0,13
6,680;0,09;0,13
6,690;0,09;0,13
6,700;0,08;0,12
6,710;0,08;0,12
6,720;0,08;0,12
6,730;0,07;0,11
6,740;0,07;0,11
6,750;0,06;0,11
6,760;0,06;0,10
6,770;0,05;0,10
6,780;0,05;0,09
6,790;0,05;0,09
6,800;0,04;0,08
6,810;0,04;0,08
6,820;0,03;0,08
6,830;0,03;0,07
6,840;0,03;0,07
6,850;0,02;0,07
6,860;0,02;0,06
6,870;0,01;0,06
6,880;0,01;0,05
6,890;0,00;0,05
6,900;-0,00;0,04
6,910;-0,01;0,04
6,920;-0,01;0,04
6,930;-0,02;0,03
6,940;-0,02;0,03
6,950;-0,03;0,02
6,960;-0,03;0,02
6,970;-0,04;0,02
6,980;-0,04;0,01
6,990;-0,05;0,01
7,000;-0,05;0,01
7,010;-0,06;0,00
7,020;-0,06;-0,00
7,030;-0,07;-0,01
7,040;-0,07;-0,01
7,050;-0,08;-0,02
7,060;-0,08;-0,02
7,070;-0,08;-0,02
7,080;-0,09;-0,03
7,090;-0,09;-0,03
7,100;-0,10;-0,03
7,110;-0,10;-0,03
7,120;-0,11;-0,04
7,130;-0,11;-0,04
7,140;-0,11;-0,05
7,150;-0,12;-0,05
7,160;-0,12;-0,05
7,170;-0,13;-0,06
7,180;-0,13;-0,06
7,190;-0,13;-0,06
7,200;-0,14;-0,07
7,210;-0,14;-0,07
7,220;-0,14;-0,07
7,230;-0,14;-0,07
7,240;-0,15;-0,08
7,250;-0,15;-0,08
7,260;-0,15;-0,08
7,270;-0,15;-0,08
7,280;-0,15;-0,09
7,290;-0,15;-0,09
7,300;-0,16;-0,09
7,310;-0,16;-0,09
7,320;-0,16;-0,09
7,330;-0,16;-0,10
7,340;-0,16;-0,10
7,350;-0,16;-0,10
7,360;-0,16;-0,10
7,370;-0,16;-0,10
7,380;-0,16;-0,10
7,390;-0,16;-0,10
7,400;-0,16;-0,10
7,410;-0,16;-0,11
7,420;-0,16;-0,11
7,430;-0,16;-0,11
7,440;-0,16;-0,11
7,450;-0,16;-0,11
7,460;-0,16;-0,11
7,470;-0,16;-0,11
7,480;-0,16;-0,11
7,490;-0,15;-0,10
7,500;-0,15;-0,10
7,510;-0,15;-0,10
7,520;-0,15;-0,10
7,530;-0,15;-0,10
7,540;-0,15;-0,10
7,550;-0,15;-0,10
7,560;-0,15;-0,10
7,570;-0,15;-0,10
7,580;-0,14;-0,10
7,590;-0,14;-0,10
7,600;-0,14;-0,09
7,610;-0,14;-0,09
7,620;-0,14;-0,09
7,630;-0,13;-0,09
7,640;-0,13;-0,09
7,650;-0,13;-0,08
7,660;-0,13;-0,08
7,670;-0,12;-0,08
7,680;-0,12;-0,08
7,690;-0,12;-0,08
7,700;-0,11;-0,07
7,710;-0,11;-0,07
7,720;-0,11;-0,07
7,730;-0,11;-0,06
7,740;-0,10;-0,06
7,750;-0,10;-0,06
7,760;-0,10;-0,06
7,770;-0,09;-0,05
7,780;-0,09;-0,05
7,790;-0,09;-0,05
7,800;-0,09;-0,04
7,810;-0,08;-0,04
7,820;-0,08;-0,04
7,830;-0,07;-0,03
7,840;-0,07;-0,03
7,850;-0,07;-0,03
7,860;-0,06;-0,02
7,870;-0,06;-0,02
7,880;-0,05;-0,02
7,890;-0,05;-0,01
7,900;-0,05;-0,01
7,910;-0,04;-0,01
7,920;-0,04;-0,00
7,930;-0,03;0,00
7,940;-0,03;0,00
7,950;-0,02;0,01
7,960;-0,02;0,01
7,970;-0,01;0,02
7,980;-0,01;0,02
7,990;-0,01;0,02
8,000;-0,00;0,03
8,010;0,00;0,03
8,020;0,01;0,04
8,030;0,01;0,04
8,040;0,02;0,04
8,050;0,02;0,05
8,060;0,03;0,05
8,070;0,03;0,06
8,080;0,04;0,06
8,090;0,04;0,06
8,100;0,05;0,07
8,110;0,05;0,07
8,120;0,06;0,07
8,130;0,06;0,08
8,140;0,06;0,08
8,150;0,07;0,09
8,160;0,07;0,09
8,170;0,07;0,09
8,180;0,08;0,10
8,190;0,08;0,10
8,200;0,08;0,10
8,210;0,09;0,11
8,220;0,09;0,11
8,230;0,09;0,11
8,240;0,09;0,11
8,250;0,10;0,12
8,260;0,10;0,12
8,270;0,10;0,12
8,280;0,10;0,13
8,290;0,11;0,13
8,300;0,11;0,13
8,310;0,11;0,13
8,320;0,11;0,14
8,330;0,11;0,14
8,340;0,11;0,14
8,350;0,11;0,14
8,360;0,11;0,14
8,370;0,11;0,14
8,380;0,11;0,15
8,390;0,11;0,15
8,400;0,11;0,15
8,410;0,11;0,15
8,420;0,11;0,15
8,430;0,11;0,15
8,440;0,11;0,15
8,450;0,11;0,15
8,460;0,11;0,15
8,470;0,11;0,15
8,480;0,11;0,15
8,490;0,11;0,15
8,500;0,11;0,15
8,510;0,11;0,15
8,520;0,11;0,15
8,530;0,11;0,15
8,540;0,10;0,14
8,550;0,10;0,14
8,560;0,10;0,14
8,570;0,10;0,14
8,580;0,09;0,14
8,590;0,09;0,13
8,600;0,09;0,13
8,610;0,09;0,13
8,620;0,08;0,13
8,630;0,08;0,13
8,640;0,08;0,12
8,650;0,07;0,12
8,660;0,07;0,12
8,670;0,07;0,11
8,680;0,06;0,11
8,690;0,06;0,10
8,700;0,05;0,10
8,710;0,05;0,10
8,720;0,05;0,09
8,730;0,04;0,09
8,740;0,04;0,08
8,750;0,03;0,08
8,760;0,03;0,08
8,770;0,03;0,07
8,780;0,02;0,07
8,790;0,02;0,06
8,800;0,01;0,06
8,810;0,01;0,06
8,820;0,00;0,05
8,830;-0,00;0,05
8,840;-0,01;0,04
8,850;-0,01;0,04
8,860;-0,02;0,03
8,870;-0,02;0,03
8,880;-0,03;0,03
8,890;-0,03;0,02
8,900;-0,03;0,02
8,910;-0,04;0,01
8,920;-0,04;0,01
8,930;-0,05;0,01
8,940;-0,05;0,00
8,950;-0,06;-0,00
8,960;-0,06;-0,01
8,970;-0,06;-0,01
8,980;-0,07;-0,01
8,990;-0,07;-0,02
9,000;-0,07;-0,02
9,010;-0,08;-0,02
9,020;-0,08;-0,03
9,030;-0,09;-0,03
9,040;-0,09;-0,03
9,050;-0,09;-0,04
9,060;-0,10;-0,04
9,070;-0,10;-0,04
9,080;-0,10;-0,05
9,090;-0,11;-0,05
9,100;-0,11;-0,05
9,110;-0,11;-0,06
9,120;-0,12;-0,06
9,130;-0,12;-0,06
9,140;-0,12;-0,06
9,150;-0,12;-0,07
9,160;-0,13;-0,07
9,170;-0,13;-0,07
9,180;-0,13;-0,08
9,190;-0,13;-0,08
9,200;-0,13;-0,08
9,210;-0,14;-0,09
9,220;-0,14;-0,09
9,230;-0,14;-0,09
9,240;-0,14;-0,09
9,250;-0,14;-0,10
9,260;-0,14;-0,10
9,270;-0,14;-0,10
9,280;-0,14;-0,10
9,290;-0,14;-0,10
9,300;-0,14;-0,10
9,310;-0,14;-0,10
9,320;-0,14;-0,10
9,330;-0,14;-0,10
9,340;-0,14;-0,10
9,350;-0,15;-0,10
9,360;-0,15;-0,10
9,370;-0,15;-0,10
9,380;-0,15;-0,10
9,390;-0,15;-0,10
9,400;-0,15;-0,11
9,410;-0,15;-0,11
9,420;-0,15;-0,11
9,430;-0,14;-0,10
9,440;-0,14;-0,10
9,450;-0,14;-0,10
9,460;-0,14;-0,10
9,470;-0,14;-0,10
9,480;-0,14;-0,10
9,490;-0,14;-0,10
9,500;-0,14;-0,10
9,510;-0,14;-0,10
9,520;-0,14;-0,09
9,530;-0,13;-0,09
9,540;-0,13;-0,09
9,550;-0,13;-0,09
9,560;-0,13;-0,09
9,570;-0,13;-0,09
9,580;-0,12;-0,08
9,590;-0,12;-0,08
9,600;-0,12;-0,08
9,610;-0,12;-0,08
9,620;-0,11;-0,08
9,630;-0,11;-0,07
9,640;-0,11;-0,07
9,650;-0,10;-0,07
9,660;-0,10;-0,06
9,670;-0,10;-0,06
9,680;-0,09;-0,06
9,690;-0,09;-0,05
9,700;-0,08;-0,05
9,710;-0,08;-0,05
9,720;-0,08;-0,04
9,730;-0,07;-0,04
9,740;-0,07;-0,04
9,750;-0,06;-0,03
9,760;-0,06;-0,03
9,770;-0,06;-0,03
9,780;-0,05;-0,02
9,790;-0,05;-0,02
9,800;-0,04;-0,01
9,810;-0,04;-0,01
9,820;-0,04;-0,01
9,830;-0,03;-0,01
9,840;-0,03;-0,00
9,850;-0,02;0,00
9,860;-0,02;0,01
9,870;-0,01;0,01
9,880;-0,01;0,02
9,890;-0,01;0,02
9,900;-0,00;0,02
9,910;0,00;0,03
9,920;0,01;0,03
9,930;0,01;0,03
9,940;0,02;0,04
9,950;0,02;0,04
9,960;0,02;0,04
9,970;0,03;0,05
9,980;0,03;0,05
9,990;0,04;0,05
10,000;0,04;0,05
10,010;0,04;0,06
10,020;0,05;0,06
10,030;0,05;0,06
10,040;0,06;0,07
10,050;0,06;0,07
10,060;0,06;0,08
10,070;0,07;0,08
10,080;0,07;0,08
10,090;0,07;0,09
10,100;0,08;0,09
10,110;0,08;0,09
10,120;0,09;0,10
10,130;0,09;0,10
10,140;0,09;0,11
10,150;0,10;0,11
10,160;0,10;0,11
10,170;0,10;0,11
10,180;0,10;0,12
10,190;0,11;0,12
10,200;0,11;0,12
10,210;0,11;0,12
10,220;0,11;0,13
10,230;0,12;0,13
10,240;0,12;0,13
10,250;0,12;0,14
10,260;0,12;0,14
10,270;0,12;0,14
10,280;0,13;0,14
10,290;0,13;0,15
10,300;0,13;0,15
10,310;0,13;0,15
10,320;0,13;0,16
10,330;0,13;0,16
10,340;0,13;0,16
10,350;0,13;0,16
10,360;0,13;0,16
10,370;0,13;0,16
10,380;0,13;0,16
10,390;0,13;0,16
10,400;0,13;0,16
10,410;0,13;0,16
10,420;0,13;0,15
10,430;0,13;0,15
10,440;0,13;0,15
10,450;0,13;0,15
10,460;0,12;0,15
10,470;0,12;0,15
10,480;0,12;0,15
10,490;0,12;0,15
10,500;0,12;0,15
10,510;0,12;0,14
10,520;0,11;0,14
10,530;0,11;0,14
10,540;0,11;0,14
10,550;0,11;0,13
10,560;0,10;0,13
10,570;0,10;0,13
10,580;0,10;0,12
10,590;0,10;0,12
10,600;0,09;0,11
10,610;0,09;0,11
10,620;0,09;0,11
10,630;0,08;0,10
10,640;0,08;0,10
10,650;0,07;0,09
10,660;0,07;0,09
10,670;0,07;0,09
10,680;0,06;0,08
10,690;0,06;0,08
10,700;0,05;0,08
10,710;0,05;0,07
10,720;0,04;0,07
10,730;0,04;0,07
10,740;0,03;0,06
10,750;0,03;0,06
10,760;0,03;0,05
10,770;0,02;0,05
10,780;0,01;0,04
10,790;0,01;0,04
10,800;0,01;0,04
10,810;0,00;0,03
10,820;-0,00;0,03
10,830;-0,01;0,02
10,840;-0,01;0,02
10,850;-0,02;0,02
10,860;-0,02;0,01
10,870;-0,03;0,01
10,880;-0,03;0,00
10,890;-0,04;-0,00
10,900;-0,04;-0,00
10,910;-0,04;-0,01
10,920;-0,05;-0,01
10,930;-0,05;-0,01
10,940;-0,06;-0,02
10,950;-0,06;-0,02
10,960;-0,06;-0,03
10,970;-0,07;-0,03
10,980;-0,07;-0,03
10,990;-0,08;-0,04
11,000;-0,08;-0,04
11,010;-0,08;-0,04
11,020;-0,09;-0,05
11,030;-0,09;-0,05
11,040;-0,09;-0,05
11,050;-0,10;-0,06
11,060;-0,10;-0,06
11,070;-0,10;-0,06
11,080;-0,11;-0,07
11,090;-0,11;-0,07
11,100;-0,11;-0,07
11,110;-0,12;-0,08
11,120;-0,12;-0,08
11,130;-0,12;-0,08
11,140;-0,13;-0,08
11,150;-0,13;-0,09
11,160;-0,13;-0,09
11,170;-0,13;-0,09
11,180;-0,13;-0,10
11,190;-0,14;-0,10
11,200;-0,14;-0,10
11,210;-0,14;-0,10
11,220;-0,14;-0,10
11,230;-0,14;-0,11
11,240;-0,14;-0,11
11,250;-0,14;-0,11
11,260;-0,14;-0,11
11,270;-0,14;-0,11
11,280;-0,14;-0,11
11,290;-0,15;-0,11
11,300;-0,15;-0,11
11,310;-0,14;-0,12
11,320;-0,14;-0,12
11,330;-0,14;-0,12
11,340;-0,14;-0,12
11,350;-0,14;-0,12
11,360;-0,14;-0,12
11,370;-0,14;-0,12
11,380;-0,14;-0,12
11,390;-0,14;-0,12
11,400;-0,14;-0,12
11,410;-0,14;-0,12
11,420;-0,14;-0,12
11,430;-0,14;-0,12
11,440;-0,13;-0,11
11,450;-0,13;-0,11
11,460;-0,13;-0,11
11,470;-0,13;-0,11
11,480;-0,13;-0,11
11,490;-0,13;-0,11
11,500;-0,13;-0,10
11,510;-0,13;-0,10
11,520;-0,12;-0,10
11,530;-0,12;-0,10
11,540;-0,12;-0,09
11,550;-0,12;-0,09
11,560;-0,12;-0,09
11,570;-0,11;-0,09
11,580;-0,11;-0,08
11,590;-0,11;-0,08
11,600;-0,10;-0,08
11,610;-0,10;-0,07
11,620;-0,10;-0,07
11,630;-0,10;-0,06
11,640;-0,09;-0,06
11,650;-0,09;-0,06
11,660;-0,09;-0,05
11,670;-0,08;-0,05
11,680;-0,08;-0,05
11,690;-0,08;-0,04
11,700;-0,07;-0,04
11,710;-0,07;-0,03
11,720;-0,07;-0,03
11,730;-0,06;-0,02
11,740;-0,06;-0,02
11,750;-0,05;-0,02
11,760;-0,05;-0,01
11,770;-0,05;-0,01
11,780;-0,04;-0,00
11,790;-0,04;0,00
11,800;-0,03;0,01
11,810;-0,03;0,01
11,820;-0,03;0,01
11,830;-0,02;0,02
11,840;-0,02;0,02
11,850;-0,01;0,02
11,860;-0,01;0,03
11,870;-0,00;0,03
11,880;0,00;0,04
11,890;0,01;0,04
11,900;0,01;0,04
11,910;0,01;0,05
11,920;0,02;0,05
11,930;0,02;0,05
11,940;0,03;0,06
11,950;0,03;0,06
11,960;0,03;0,06
11,970;0,04;0,07
11,980;0,04;0,07
11,990;0,05;0,08
12,000;0,05;0,08
12,010;0,06;0,08
12,020;0,06;0,09
12,030;0,06;0,09
12,040;0,06;0,10
12,050;0,07;0,10
12,060;0,07;0,10
12,070;0,07;0,11
12,080;0,08;0,11
12,090;0,08;0,11
12,100;0,08;0,12
12,110;0,09;0,12
12,120;0,09;0,12
12,130;0,09;0,13
12,140;0,09;0,13
12,150;0,10;0,13
12,160;0,10;0,14
12,170;0,10;0,14
12,180;0,11;0,14
12,190;0,11;0,14
12,200;0,11;0,15
12,210;0,11;0,15
12,220;0,11;0,15
12,230;0,11;0,15
12,240;0,12;0,16
12,250;0,12;0,16
12,260;0,12;0,16
12,270;0,12;0,16
12,280;0,12;0,16
12,290;0,12;0,16
12,300;0,12;0,17
12,310;0,12;0,16
12,320;0,12;0,17
12,330;0,13;0,16
12,340;0,13;0,17
12,350;0,13;0,16
12,360;0,13;0,16
12,370;0,13;0,16
12,380;0,12;0,16
12,390;0,12;0,16
12,400;0,12;0,16
12,410;0,12;0,16
12,420;0,12;0,16
12,430;0,12;0,16
12,440;0,12;0,15
12,450;0,11;0,15
12,460;0,11;0,15
12,470;0,11;0,15
12,480;0,11;0,15
12,490;0,10;0,14
12,500;0,10;0,14
12,510;0,10;0,14
12,520;0,09;0,13
12,530;0,09;0,13
12,540;0,09;0,13
12,550;0,08;0,12
12,560;0,08;0,12
12,570;0,08;0,12
12,580;0,07;0,12
12,590;0,07;0,11
12,600;0,06;0,11
12,610;0,06;0,11
12,620;0,06;0,10
12,630;0,05;0,10
12,640;0,05;0,09
12,650;0,04;0,09
12,660;0,04;0,09
12,670;0,04;0,08
12,680;0,03;0,08
12,690;0,03;0,07
12,700;0,02;0,07
12,710;0,02;0,06
12,720;0,01;0,06
12,730;0,01;0,06
12,740;0,00;0,05
12,750;-0,00;0,05
12,760;-0,00;0,04
12,770;-0,01;0,04
12,780;-0,01;0,03
12,790;-0,02;0,03
12,800;-0,02;0,02
12,810;-0,03;0,02
12,820;-0,03;0,02
12,830;-0,04;0,01
12,840;-0,04;0,01
12,850;-0,05;0,00
12,860;-0,05;-0,00
12,870;-0,05;-0,01
12,880;-0,06;-0,01
12,890;-0,06;-0,02
12,900;-0,06;-0,02
12,910;-0,07;-0,02
12,920;-0,07;-0,03
12,930;-0,08;-0,03
12,940;-0,08;-0,03
12,950;-0,08;-0,04
12,960;-0,09;-0,04
12,970;-0,09;-0,05
12,980;-0,09;-0,05
12,990;-0,10;-0,05
13,000;-0,10;-0,06
13,010;-0,10;-0,06
13,020;-0,11;-0,06
13,030;-0,11;-0,07
13,040;-0,11;-0,07
13,050;-0,11;-0,07
13,060;-0,12;-0,07
13,070;-0,12;-0,07
13,080;-0,12;-0,08
13,090;-0,12;-0,08
13,100;-0,13;-0,08
13,110;-0,13;-0,08
13,120;-0,13;-0,09
13,130;-0,13;-0,09
13,140;-0,13;-0,09
13,150;-0,13;-0,09
13,160;-0,14;-0,10
13,170;-0,14;-0,10
13,180;-0,14;-0,10
13,190;-0,14;-0,10
13,200;-0,14;-0,10
13,210;-0,14;-0,10
13,220;-0,14;-0,10
13,230;-0,14;-0,10
13,240;-0,14;-0,10
13,250;-0,14;-0,10
13,260;-0,14;-0,10
13,270;-0,14;-0,10
13,280;-0,14;-0,11
13,290;-0,14;-0,11
13,300;-0,14;-0,10
13,310;-0,14;-0,10
13,320;-0,14;-0,10
13,330;-0,14;-0,10
13,340;-0,14;-0,10
13,350;-0,14;-0,10
13,360;-0,14;-0,10
13,370;-0,14;-0,10
13,380;-0,14;-0,10
13,390;-0,14;-0,10
13,400;-0,13;-0,10
13,410;-0,13;-0,10
13,420;-0,13;-0,09
13,430;-0,13;-0,09
13,440;-0,13;-0,09
13,450;-0,13;-0,09
13,460;-0,13;-0,09
13,470;-0,12;-0,09
13,480;-0,12;-0,08
13,490;-0,12;-0,08
13,500;-0,12;-0,08
13,510;-0,12;-0,08
13,520;-0,12;-0,08
13,530;-0,12;-0,07
13,540;-0,11;-0,07
13,550;-0,11;-0,07
13,560;-0,11;-0,06
13,570;-0,11;-0,06
13,580;-0,11;-0,06
13,590;-0,10;-0,05
13,600;-0,10;-0,05
13,610;-0,09;-0,05
13,620;-0,09;-0,05
13,630;-0,09;-0,04
13,640;-0,08;-0,04
13,650;-0,08;-0,03
13,660;-0,08;-0,03
13,670;-0,07;-0,03
13,680;-0,07;-0,02
13,690;-0,06;-0,02
13,700;-0,06;-0,01
13,710;-0,06;-0,01
13,720;-0,05;-0,01
13,730;-0,05;-0,00
13,740;-0,05;0,00
13,750;-0,04;0,01
13,760;-0,04;0,01
13,770;-0,03;0,02
13,780;-0,03;0,02
13,790;-0,02;0,03
13,800;-0,02;0,03
13,810;-0,01;0,03
13,820;-0,01;0,04
13,830;-0,00;0,04
13,840;0,00;0,04
13,850;0,01;0,05
13,860;0,01;0,05
13,870;0,01;0,05
13,880;0,02;0,06
13,890;0,02;0,06
13,900;0,03;0,07
13,910;0,03;0,07
13,920;0,03;0,07
13,930;0,04;0,08
13,940;0,04;0,08
13,950;0,05;0,08
13,960;0,05;0,09
13,970;0,05;0,09
13,980;0,06;0,09
13,990;0,06;0,10
14,000;0,06;0,10
14,010;0,07;0,11
14,020;0,07;0,11
14,030;0,08;0,11
14,040;0,08;0,12
14,050;0,08;0,12
14,060;0,09;0,12
14,070;0,09;0,12
14,080;0,09;0,13
14,090;0,10;0,13
14,100;0,10;0,13
14,110;0,10;0,13
14,120;0,10;0,14
14,130;0,11;0,14
14,140;0,11;0,14
14,150;0,11;0,14
14,160;0,11;0,15
14,170;0,11;0,15
14,180;0,12;0,15
14,190;0,12;0,15
14,200;0,12;0,15
14,210;0,12;0,15
14,220;0,12;0,15
14,230;0,12;0,16
14,240;0,12;0,16
14,250;0,13;0,16
14,260;0,13;0,16
14,270;0,13;0,16
14,280;0,13;0,16
14,290;0,13;0,16
14,300;0,13;0,16
14,310;0,13;0,16
14,320;0,13;0,16
14,330;0,13;0,16
14,340;0,13;0,16
14,350;0,12;0,15
14,360;0,12;0,15
14,370;0,12;0,15
14,380;0,12;0,15
14,390;0,12;0,15
14,400;0,12;0,15
14,410;0,11;0,14
14,420;0,11;0,14
14,430;0,11;0,14
14,440;0,11;0,14
14,450;0,11;0,13
14,460;0,10;0,13
14,470;0,10;0,13
14,480;0,10;0,12
14,490;0,09;0,12
14,500;0,09;0,11
14,510;0,09;0,11
14,520;0,09;0,11
14,530;0,08;0,10
14,540;0,08;0,10
14,550;0,07;0,10
14,560;0,07;0,09
14,570;0,07;0,09
14,580;0,06;0,08
14,590;0,06;0,08
14,600;0,06;0,08
14,610;0,05;0,07
14,620;0,05;0,07
14,630;0,04;0,06
14,640;0,04;0,06
14,650;0,04;0,05
14,660;0,03;0,05
14,670;0,03;0,05
14,680;0,02;0,04
14,690;0,02;0,04
14,700;0,01;0,04
14,710;0,01;0,03
14,720;0,00;0,03
14,730;-0,00;0,02
14,740;-0,01;0,02
14,750;-0,01;0,02
14,760;-0,01;0,01
14,770;-0,02;0,01
14,780;-0,02;0,01
14,790;-0,03;0,00
14,800;-0,03;-0,00
14,810;-0,04;-0,01
14,820;-0,04;-0,01
14,830;-0,04;-0,01
14,840;-0,05;-0,01
14,850;-0,05;-0,02
14,860;-0,06;-0,02
14,870;-0,06;-0,02
14,880;-0,06;-0,03
14,890;-0,07;-0,03
14,900;-0,07;-0,04
14,910;-0,08;-0,04
14,920;-0,08;-0,04
14,930;-0,08;-0,05
14,940;-0,09;-0,05
14,950;-0,09;-0,05
14,960;-0,10;-0,06
14,970;-0,10;-0,06
14,980;-0,10;-0,06
14,990;-0,10;-0,06
15,000;-0,11;-0,07
15,010;-0,11;-0,07
15,020;-0,11;-0,07
15,030;-0,11;-0,08
15,040;-0,12;-0,08
15,050;-0,12;-0,08
15,060;-0,12;-0,08
15,070;-0,12;-0,09
15,080;-0,13;-0,09
15,090;-0,13;-0,09
15,100;-0,13;-0,09
15,110;-0,13;-0,09
15,120;-0,13;-0,10
15,130;-0,13;-0,10
15,140;-0,14;-0,10
15,150;-0,14;-0,10
15,160;-0,14;-0,10
15,170;-0,14;-0,10
15,180;-0,14;-0,10
15,190;-0,14;-0,10
15,200;-0,14;-0,10
15,210;-0,14;-0,10
15,220;-0,14;-0,10
15,230;-0,15;-0,10
15,240;-0,15;-0,10
15,250;-0,15;-0,10
15,260;-0,15;-0,10
15,270;-0,15;-0,10
15,280;-0,15;-0,10
15,290;-0,15;-0,10
15,300;-0,15;-0,10
15,310;-0,15;-0,10
15,320;-0,15;-0,09
15,330;-0,15;-0,09
15,340;-0,15;-0,09
15,350;-0,15;-0,09
15,360;-0,15;-0,09
15,370;-0,15;-0,09
15,380;-0,14;-0,08
15,390;-0,14;-0,08
15,400;-0,14;-0,08
15,410;-0,14;-0,08
15,420;-0,14;-0,07
15,430;-0,14;-0,07
15,440;-0,14;-0,07
15,450;-0,14;-0,07
15,460;-0,14;-0,06
15,470;-0,13;-0,06
15,480;-0,13;-0,06
15,490;-0,13;-0,06
15,500;-0,13;-0,05
15,510;-0,12;-0,05
15,520;-0,12;-0,05
15,530;-0,12;-0,05
15,540;-0,11;-0,04
15,550;-0,11;-0,04
15,560;-0,11;-0,03
15,570;-0,10;-0,03
15,580;-0,10;-0,03
15,590;-0,09;-0,03
15,600;-0,09;-0,02
15,610;-0,08;-0,02
15,620;-0,08;-0,01
15,630;-0,08;-0,01
15,640;-0,07;-0,01
15,650;-0,07;-0,00
15,660;-0,06;0,00
15,670;-0,06;0,00
15,680;-0,06;0,01
15,690;-0,05;0,01
15,700;-0,05;0,02
15,710;-0,04;0,02
15,720;-0,04;0,02
15,730;-0,03;0,03
15,740;-0,03;0,03
15,750;-0,02;0,04
15,760;-0,02;0,04
15,770;-0,01;0,04
15,780;-0,01;0,05
15,790;-0,00;0,05
15,800;-0,00;0,06
15,810;0,00;0,06
15,820;0,01;0,06
15,830;0,01;0,07
15,840;0,01;0,07
15,850;0,02;0,07
15,860;0,02;0,08
15,870;0,02;0,08
15,880;0,03;0,09
15,890;0,03;0,09
15,900;0,04;0,10
15,910;0,04;0,10
15,920;0,04;0,10
15,930;0,05;0,11
15,940;0,05;0,11
15,950;0,06;0,11
15,960;0,06;0,12
15,970;0,06;0,12
15,980;0,07;0,12
15,990;0,07;0,12
16,000;0,07;0,13
16,010;0,07;0,13
16,020;0,08;0,13
16,030;0,08;0,14
16,040;0,08;0,14
16,050;0,09;0,14
16,060;0,09;0,14
16,070;0,09;0,15
16,080;0,10;0,15
16,090;0,10;0,15
16,100;0,10;0,15
16,110;0,10;0,15
16,120;0,10;0,15
16,130;0,11;0,15
16,140;0,11;0,16
16,150;0,11;0,16
16,160;0,11;0,16
16,170;0,11;0,16
16,180;0,11;0,16
16,190;0,11;0,16
16,200;0,11;0,15
16,210;0,11;0,16
16,220;0,11;0,16
16,230;0,12;0,15
16,240;0,12;0,15
16,250;0,12;0,15
16,260;0,12;0,15
16,270;0,12;0,15
16,280;0,12;0,15
16,290;0,11;0,15
16,300;0,11;0,15
16,310;0,11;0,15
16,320;0,11;0,15
16,330;0,11;0,14
16,340;0,11;0,14
16,350;0,11;0,14
16,360;0,11;0,14
16,370;0,11;0,13
16,380;0,10;0,13
16,390;0,10;0,13
16,400;0,10;0,13
16,410;0,10;0,12
16,420;0,10;0,12
16,430;0,09;0,12
16,440;0,09;0,11
16,450;0,09;0,11
16,460;0,09;0,11
16,470;0,08;0,11
16,480;0,08;0,10
16,490;0,08;0,10
16,500;0,07;0,10
16,510;0,07;0,10
16,520;0,07;0,09
16,530;0,06;0,09
16,540;0,06;0,09
16,550;0,05;0,08
16,560;0,05;0,08
16,570;0,04;0,08
16,580;0,04;0,07
16,590;0,03;0,07
16,600;0,03;0,07
16,610;0,03;0,06
16,620;0,02;0,06
16,630;0,02;0,05
16,640;0,01;0,05
16,650;0,01;0,05
16,660;0,00;0,04
16,670;-0,00;0,04
16,680;-0,01;0,04
16,690;-0,01;0,03
16,700;-0,02;0,03
16,710;-0,02;0,02
16,720;-0,03;0,02
16,730;-0,03;0,02
16,740;-0,04;0,01
16,750;-0,04;0,01
16,760;-0,05;0,01
16,770;-0,05;0,00
16,780;-0,05;-0,00
16,790;-0,06;-0,00
16,800;-0,06;-0,01
16,810;-0,07;-0,01
16,820;-0,07;-0,02
16,830;-0,08;-0,02
16,840;-0,08;-0,02
16,850;-0,08;-0,03
16,860;-0,09;-0,03
16,870;-0,09;-0,04
16,880;-0,09;-0,04
16,890;-0,10;-0,04
16,900;-0,10;-0,05
16,910;-0,10;-0,05
16,920;-0,11;-0,05
16,930;-0,11;-0,06
16,940;-0,11;-0,06
16,950;-0,12;-0,06
16,960;-0,12;-0,06
16,970;-0,12;-0,06
16,980;-0,12;-0,07
16,990;-0,13;-0,07
17,000;-0,13;-0,07
17,010;-0,13;-0,07
17,020;-0,13;-0,08
17,030;-0,13;-0,08
17,040;-0,14;-0,08
17,050;-0,14;-0,08
17,060;-0,14;-0,08
17,070;-0,14;-0,08
17,080;-0,14;-0,08
17,090;-0,15;-0,09
17,100;-0,15;-0,09
17,110;-0,15;-0,09
17,120;-0,15;-0,09
17,130;-0,15;-0,09
17,140;-0,15;-0,09
17,150;-0,15;-0,09
17,160;-0,15;-0,09
17,170;-0,15;-0,09
17,180;-0,15;-0,09
17,190;-0,15;-0,09
17,200;-0,15;-0,09
17,210;-0,15;-0,09
17,220;-0,15;-0,09
17,230;-0,15;-0,09
17,240;-0,15;-0,09
17,250;-0,15;-0,09
17,260;-0,15;-0,09
17,270;-0,15;-0,09
17,280;-0,15;-0,09
17,290;-0,15;-0,09
17,300;-0,15;-0,09
17,310;-0,15;-0,09
17,320;-0,15;-0,09
17,330;-0,14;-0,08
17,340;-0,14;-0,08
17,350;-0,14;-0,08
17,360;-0,14;-0,08
17,370;-0,14;-0,08
17,380;-0,14;-0,08
17,390;-0,14;-0,07
17,400;-0,13;-0,07
17,410;-0,13;-0,07
17,420;-0,13;-0,07
17,430;-0,13;-0,06
17,440;-0,12;-0,06
17,450;-0,12;-0,06
17,460;-0,12;-0,06
17,470;-0,11;-0,05
17,480;-0,11;-0,05
17,490;-0,11;-0,05
17,500;-0,11;-0,04
17,510;-0,10;-0,04
17,520;-0,10;-0,04
17,530;-0,10;-0,03
17,540;-0,09;-0,03
17,550;-0,09;-0,03
17,560;-0,09;-0,02
17,570;-0,08;-0,02
17,580;-0,08;-0,01
17,590;-0,07;-0,01
17,600;-0,07;-0,01
17,610;-0,06;-0,00
17,620;-0,06;-0,00
17,630;-0,06;0,00
17,640;-0,05;0,01
17,650;-0,05;0,01
17,660;-0,04;0,02
17,670;-0,04;0,02
17,680;-0,04;0,02
17,690;-0,03;0,02
17,700;-0,03;0,03
17,710;-0,02;0,03
17,720;-0,02;0,03
17,730;-0,01;0,04
17,740;-0,01;0,04
17,750;-0,00;0,05
17,760;0,00;0,05
17,770;0,01;0,06
17,780;0,01;0,06
17,790;0,01;0,06
17,800;0,02;0,07
17,810;0,02;0,07
17,820;0,03;0,07
17,830;0,03;0,08
17,840;0,04;0,08
17,850;0,04;0,09
17,860;0,05;0,09
17,870;0,05;0,09
17,880;0,05;0,10
17,890;0,06;0,10
17,900;0,06;0,10
17,910;0,06;0,10
17,920;0,07;0,11
17,930;0,07;0,11
17,940;0,07;0,11
17,950;0,08;0,11
17,960;0,08;0,12
17,970;0,09;0,12
17,980;0,09;0,12
17,990;0,09;0,13
18,000;0,09;0,13
18,010;0,09;0,13
18,020;0,10;0,13
18,030;0,10;0,14
18,040;0,10;0,14
18,050;0,10;0,14
18,060;0,11;0,14
18,070;0,11;0,14
18,080;0,11;0,14
18,090;0,11;0,14
18,100;0,11;0,14
18,110;0,11;0,14
18,120;0,11;0,15
18,130;0,11;0,15
18,140;0,11;0,15
18,150;0,11;0,15
18,160;0,11;0,15
18,170;0,11;0,15
18,180;0,12;0,15
18,190;0,12;0,15
18,200;0,12;0,15
18,210;0,12;0,15
18,220;0,12;0,15
18,230;0,11;0,15
18,240;0,11;0,14
18,250;0,11;0,14
18,260;0,11;0,14
18,270;0,11;0,14
18,280;0,11;0,14
18,290;0,11;0,14
18,300;0,11;0,13
18,310;0,11;0,13
18,320;0,10;0,13
18,330;0,10;0,13
18,340;0,10;0,12
18,350;0,10;0,12
18,360;0,09;0,12
18,370;0,09;0,12
18,380;0,09;0,12
18,390;0,09;0,11
18,400;0,08;0,11
18,410;0,08;0,11
18,420;0,08;0,11
18,430;0,07;0,10
18,440;0,07;0,10
18,450;0,07;0,10
18,460;0,06;0,09
18,470;0,06;0,09
18,480;0,05;0,09
18,490;0,05;0,08
18,500;0,05;0,08
18,510;0,04;0,07
18,520;0,04;0,07
18,530;0,03;0,07
18,540;0,03;0,06
18,550;0,03;0,06
18,560;0,02;0,06
18,570;0,02;0,05
18,580;0,01;0,05
18,590;0,01;0,05
18,600;0,00;0,04
18,610;-0,00;0,04
18,620;-0,01;0,03
18,630;-0,01;0,03
18,640;-0,01;0,03
18,650;-0,02;0,02
18,660;-0,02;0,02
18,670;-0,03;0,02
18,680;-0,03;0,01
18,690;-0,04;0,01
18,700;-0,04;0,01
18,710;-0,05;0,00
18,720;-0,05;-0,00
18,730;-0,06;-0,00
18,740;-0,06;-0,01
18,750;-0,06;-0,01
18,760;-0,07;-0,02
18,770;-0,07;-0,02
18,780;-0,08;-0,02
18,790;-0,08;-0,03
18,800;-0,08;-0,03
18,810;-0,09;-0,03
18,820;-0,09;-0,04
18,830;-0,09;-0,04
18,840;-0,10;-0,04
18,850;-0,10;-0,05
18,860;-0,10;-0,05
18,870;-0,11;-0,05
18,880;-0,11;-0,05
18,890;-0,11;-0,06
18,900;-0,12;-0,06
18,910;-0,12;-0,06
18,920;-0,12;-0,07
18,930;-0,12;-0,07
18,940;-0,13;-0,07
18,950;-0,13;-0,07
18,960;-0,13;-0,08
18,970;-0,13;-0,08
18,980;-0,14;-0,08
18,990;-0,14;-0,08
19,000;-0,14;-0,08
19,010;-0,14;-0,09
19,020;-0,14;-0,09
19,030;-0,14;-0,09
19,040;-0,14;-0,09
19,050;-0,15;-0,09
19,060;-0,15;-0,09
19,070;-0,15;-0,09
19,080;-0,15;-0,09
19,090;-0,15;-0,09
19,100;-0,16;-0,10
19,110;-0,16;-0,10
19,120;-0,16;-0,10
19,130;-0,16;-0,10
19,140;-0,16;-0,10
19,150;-0,16;-0,10
19,160;-0,16;-0,10
19,170;-0,16;-0,10
19,180;-0,16;-0,10
19,190;-0,16;-0,10
19,200;-0,16;-0,10
19,210;-0,16;-0,10
19,220;-0,16;-0,10
19,230;-0,15;-0,10
19,240;-0,15;-0,09
19,250;-0,15;-0,09
19,260;-0,15;-0,09
19,270;-0,15;-0,09
19,280;-0,15;-0,09
19,290;-0,15;-0,09
19,300;-0,15;-0,09
19,310;-0,14;-0,09
19,320;-0,14;-0,08
19,330;-0,14;-0,08
19,340;-0,14;-0,08
19,350;-0,14;-0,08
19,360;-0,13;-0,08
19,370;-0,13;-0,08
19,380;-0,13;-0,07
19,390;-0,13;-0,07
19,400;-0,12;-0,07
19,410;-0,12;-0,07
19,420;-0,12;-0,06
19,430;-0,11;-0,06
19,440;-0,11;-0,06
19,450;-0,11;-0,06
19,460;-0,10;-0,05
19,470;-0,10;-0,05
19,480;-0,10;-0,05
19,490;-0,09;-0,04
19,500;-0,09;-0,04
19,510;-0,09;-0,04
19,520;-0,08;-0,03
19,530;-0,08;-0,03
19,540;-0,08;-0,02
19,550;-0,07;-0,02
19,560;-0,07;-0,02
19,570;-0,06;-0,01
19,580;-0,06;-0,01
19,590;-0,05;-0,01
19,600;-0,05;-0,00
19,610;-0,04;0,00
19,620;-0,04;0,01
19,630;-0,04;0,01
19,640;-0,03;0,01
19,650;-0,03;0,02
19,660;-0,02;0,02
19,670;-0,02;0,03
19,680;-0,01;0,03
19,690;-0,01;0,04
19,700;-0,00;0,04
19,710;0,00;0,04
19,720;0,01;0,05
19,730;0,01;0,05
19,740;0,02;0,06
19,750;0,02;0,06
19,760;0,02;0,06
19,770;0,03;0,07
19,780;0,03;0,07
19,790;0,04;0,08
19,800;0,04;0,08
19,810;0,05;0,08
19,820;0,05;0,09
19,830;0,06;0,09
19,840;0,06;0,09
19,850;0,06;0,10
19,860;0,07;0,10
19,870;0,07;0,10
19,880;0,08;0,11
19,890;0,08;0,11
19,900;0,08;0,11
19,910;0,09;0,11
19,920;0,09;0,12
19,930;0,09;0,12
19,940;0,09;0,12
19,950;0,10;0,12
19,960;0,10;0,12
19,970;0,10;0,13
19,980;0,10;0,13
19,990;0,11;0,13
20,000;0,11;0,13
20,010;0,11;0,13
20,020;0,11;0,14
20,030;0,11;0,14
20,040;0,11;0,14
20,050;0,12;0,14
20,060;0,12;0,14
20,070;0,12;0,14
20,080;0,12;0,14
20,090;0,12;0,14
20,100;0,12;0,15
20,110;0,12;0,14
20,120;0,12;0,14
20,130;0,12;0,15
20,140;0,12;0,15
20,150;0,12;0,15
20,160;0,12;0,15
20,170;0,12;0,14
20,180;0,12;0,14
20,190;0,11;0,14
20,200;0,11;0,14
20,210;0,11;0,14
20,220;0,11;0,14
20,230;0,11;0,14
20,240;0,11;0,14
20,250;0,10;0,14
20,260;0,10;0,14
20,270;0,10;0,13
20,280;0,10;0,13
20,290;0,09;0,13
20,300;0,09;0,13
20,310;0,09;0,13
20,320;0,09;0,12
20,330;0,08;0,12
20,340;0,08;0,12
20,350;0,08;0,12
20,360;0,07;0,11
20,370;0,07;0,11
20,380;0,07;0,11
20,390;0,06;0,10
20,400;0,06;0,10
20,410;0,05;0,10
20,420;0,05;0,09
20,430;0,04;0,09
20,440;0,04;0,09
20,450;0,04;0,08
20,460;0,03;0,08
20,470;0,03;0,08
20,480;0,02;0,07
20,490;0,02;0,07
20,500;0,01;0,07
20,510;0,01;0,06
20,520;0,01;0,06
20,530;0,00;0,06
20,540;-0,00;0,05
20,550;-0,01;0,05
20,560;-0,01;0,04
20,570;-0,02;0,04
20,580;-0,02;0,03
20,590;-0,02;0,03
20,600;-0,03;0,03
20,610;-0,03;0,02
20,620;-0,04;0,02
20,630;-0,04;0,02
20,640;-0,04;0,01
20,650;-0,05;0,01
20,660;-0,06;0,00
20,670;-0,06;0,00
20,680;-0,06;-0,00
20,690;-0,07;-0,01
20,700;-0,07;-0,01
20,710;-0,08;-0,01
20,720;-0,08;-0,02
20,730;-0,08;-0,02
20,740;-0,09;-0,02
20,750;-0,09;-0,03
20,760;-0,09;-0,03
20,770;-0,10;-0,03
20,780;-0,10;-0,04
20,790;-0,10;-0,04
20,800;-0,11;-0,04
20,810;-0,11;-0,05
20,820;-0,12;-0,05
20,830;-0,12;-0,05
20,840;-0,12;-0,06
20,850;-0,13;-0,06
20,860;-0,13;-0,06
20,870;-0,13;-0,07
20,880;-0,14;-0,07
20,890;-0,14;-0,07
20,900;-0,14;-0,07
20,910;-0,15;-0,07
20,920;-0,15;-0,08
20,930;-0,15;-0,08
20,940;-0,15;-0,08
20,950;-0,16;-0,09
20,960;-0,16;-0,09
20,970;-0,16;-0,09
20,980;-0,16;-0,09
20,990;-0,16;-0,09
21,000;-0,16;-0,09
21,010;-0,17;-0,09
21,020;-0,17;-0,09
21,030;-0,17;-0,10
21,040;-0,17;-0,10
21,050;-0,17;-0,10
21,060;-0,17;-0,10
21,070;-0,17;-0,10
21,080;-0,17;-0,10
21,090;-0,17;-0,10
21,100;-0,17;-0,10
21,110;-0,17;-0,10
21,120;-0,17;-0,10
21,130;-0,17;-0,10
21,140;-0,17;-0,10
21,150;-0,17;-0,10
21,160;-0,17;-0,09
21,170;-0,17;-0,09
21,180;-0,16;-0,09
21,190;-0,16;-0,09
21,200;-0,16;-0,09
21,210;-0,16;-0,09
21,220;-0,16;-0,09
21,230;-0,16;-0,09
21,240;-0,15;-0,09
21,250;-0,15;-0,08
21,260;-0,15;-0,08
21,270;-0,15;-0,08
21,280;-0,15;-0,08
21,290;-0,14;-0,08
21,300;-0,14;-0,07
21,310;-0,14;-0,07
21,320;-0,13;-0,07
21,330;-0,13;-0,07
21,340;-0,13;-0,06
21,350;-0,12;-0,06
21,360;-0,12;-0,06
21,370;-0,12;-0,06
21,380;-0,11;-0,05
21,390;-0,11;-0,05
21,400;-0,10;-0,05
21,410;-0,10;-0,04
21,420;-0,09;-0,04
21,430;-0,09;-0,04
21,440;-0,09;-0,03
21,450;-0,08;-0,03
21,460;-0,08;-0,03
21,470;-0,07;-0,03
21,480;-0,07;-0,02
21,490;-0,07;-0,02
21,500;-0,06;-0,02
21,510;-0,06;-0,01
21,520;-0,05;-0,01
21,530;-0,05;-0,01
21,540;-0,04;-0,00
21,550;-0,04;-0,00
21,560;-0,03;0,00
21,570;-0,03;0,01
21,580;-0,02;0,01
21,590;-0,02;0,02
21,600;-0,01;0,02
21,610;-0,01;0,02
21,620;-0,00;0,03
21,630;-0,00;0,03
21,640;0,00;0,03
21,650;0,01;0,03
21,660;0,01;0,04
21,670;0,02;0,04
21,680;0,02;0,04
21,690;0,02;0,05
21,700;0,03;0,05
21,710;0,03;0,05
21,720;0,04;0,06
21,730;0,04;0,06
21,740;0,04;0,07
21,750;0,05;0,07
21,760;0,05;0,07
21,770;0,06;0,08
21,780;0,06;0,08
21,790;0,06;0,08